-Inf,-Inf,-Inf,-Inf,-Inf,-Inf,-Inf,-Inf,-Inf,-Inf,-Inf,-Inf,-Inf,-Inf,-Inf,-Inf,-2.46311909180944,-1.90499932924991,-1.83147162822938,-2.28152214320346,-Inf,-Inf,-Inf,-Inf,-Inf,-Inf,-Inf,-Inf,-Inf,-Inf,-2.28152214320313,-1.83147162822938,-1.90499932924987,-2.46311909180961,-Inf,-Inf,-Inf,-Inf,-Inf,-Inf,-Inf,-Inf,-Inf,-Inf,-Inf,-Inf,-Inf,-Inf,-Inf,-Inf
-Inf,-Inf,-Inf,-Inf,-Inf,-Inf,-Inf,-Inf,-Inf,-Inf,-Inf,-Inf,-Inf,-Inf,-Inf,-Inf,-Inf,-1.98423565598011,-1.65109207933959,-1.5657014181792,-1.80107966757734,-Inf,-Inf,-Inf,-Inf,-Inf,-Inf,-Inf,-Inf,-Inf,-Inf,-Inf,-2.3745330602434,-2.83079411194749,-Inf,-Inf,-Inf,-Inf,-Inf,-Inf,-Inf,-Inf,-Inf,-Inf,-Inf,-Inf,-Inf,-Inf,-Inf,-Inf
-Inf,-Inf,-Inf,-Inf,-Inf,-Inf,-Inf,-Inf,-Inf,-Inf,-Inf,-Inf,-Inf,-Inf,-Inf,-Inf,-Inf,-Inf,-2.12279763933116,-1.5913052241372,-1.41504492465765,-1.52501788308842,-Inf,-Inf,-Inf,-Inf,-Inf,-Inf,-Inf,-Inf,-Inf,-Inf,-Inf,-Inf,-Inf,-Inf,-Inf,-Inf,-Inf,-Inf,-Inf,-Inf,-Inf,-Inf,-Inf,-Inf,-Inf,-Inf,-Inf,-Inf
-Inf,-Inf,-Inf,-Inf,-Inf,-Inf,-Inf,-Inf,-Inf,-Inf,-Inf,-Inf,-Inf,-Inf,-Inf,-Inf,-Inf,-Inf,-Inf,-Inf,-2.20343064548799,-1.4213348961206,-1.42507602515364,-Inf,-Inf,-Inf,-Inf,-Inf,-Inf,-Inf,-Inf,-Inf,-Inf,-Inf,-Inf,-Inf,-Inf,-Inf,-Inf,-Inf,-Inf,-Inf,-Inf,-Inf,-Inf,-Inf,-Inf,-Inf,-Inf,-Inf
-Inf,-Inf,-Inf,-Inf,-Inf,-Inf,-Inf,-Inf,-Inf,-Inf,-Inf,-Inf,-Inf,-Inf,-Inf,-Inf,-Inf,-Inf,-Inf,-Inf,-Inf,-Inf,-1.76944488428597,-Inf,-Inf,-Inf,-Inf,-Inf,-Inf,-Inf,-Inf,-Inf,-Inf,-Inf,-Inf,-Inf,-Inf,-Inf,-Inf,-Inf,-Inf,-Inf,-Inf,-Inf,-Inf,-Inf,-Inf,-Inf,-Inf,-Inf
-Inf,-Inf,-Inf,-Inf,-Inf,-Inf,-Inf,-Inf,-Inf,-Inf,-Inf,-Inf,-Inf,-Inf,-Inf,-Inf,-Inf,-Inf,-Inf,-Inf,-Inf,-Inf,-Inf,-1.54965982565397,-Inf,-Inf,-Inf,-Inf,-Inf,-Inf,-Inf,-Inf,-Inf,-Inf,-Inf,-Inf,-Inf,-Inf,-Inf,-Inf,-Inf,-Inf,-Inf,-Inf,-Inf,-Inf,-Inf,-Inf,-Inf,-Inf
-Inf,-Inf,-Inf,-Inf,-Inf,-Inf,-Inf,-Inf,-Inf,-Inf,-Inf,-Inf,-Inf,-Inf,-Inf,-Inf,-Inf,-Inf,-Inf,-Inf,-Inf,-Inf,-Inf,-Inf,-Inf,-Inf,-Inf,-Inf,-Inf,-Inf,-Inf,-Inf,-Inf,-Inf,-Inf,-Inf,-Inf,-Inf,-Inf,-Inf,-Inf,-Inf,-Inf,-Inf,-Inf,-Inf,-Inf,-Inf,-Inf,-Inf
-Inf,-Inf,-Inf,-Inf,-Inf,-Inf,-Inf,-Inf,-Inf,-Inf,-Inf,-Inf,-Inf,-Inf,-Inf,-Inf,-Inf,-Inf,-Inf,-Inf,-Inf,-Inf,-3.94708730267391,-Inf,-1.38728262218122,-Inf,-Inf,-Inf,-Inf,-Inf,-Inf,-Inf,-Inf,-Inf,-Inf,-Inf,-Inf,-Inf,-Inf,-Inf,-Inf,-Inf,-Inf,-Inf,-Inf,-Inf,-Inf,-Inf,-Inf,-Inf
-Inf,-Inf,-Inf,-Inf,-Inf,-Inf,-Inf,-Inf,-Inf,-Inf,-Inf,-Inf,-Inf,-Inf,-Inf,-Inf,-Inf,-Inf,-Inf,-Inf,-2.02610599247566,-1.69695608803625,-1.54505191868292,-1.69692640510355,-Inf,-Inf,-Inf,-Inf,-Inf,-Inf,-Inf,-Inf,-Inf,-Inf,-Inf,-Inf,-Inf,-Inf,-Inf,-Inf,-Inf,-Inf,-Inf,-Inf,-Inf,-Inf,-Inf,-Inf,-Inf,-Inf
-Inf,-Inf,-Inf,-Inf,-Inf,-Inf,-Inf,-Inf,-Inf,-Inf,-Inf,-Inf,-Inf,-Inf,-Inf,-Inf,-Inf,-Inf,-Inf,-2.5307854265598,-1.93733483672135,-1.71102206673279,-1.55321496005997,-1.43354735730473,-Inf,-Inf,-Inf,-Inf,-Inf,-Inf,-Inf,-Inf,-Inf,-Inf,-Inf,-Inf,-Inf,-Inf,-Inf,-Inf,-Inf,-Inf,-Inf,-Inf,-Inf,-Inf,-Inf,-Inf,-Inf,-Inf
-Inf,-Inf,-Inf,-Inf,-Inf,-Inf,-Inf,-Inf,-Inf,-Inf,-Inf,-Inf,-Inf,-Inf,-Inf,-Inf,-Inf,-Inf,-Inf,-Inf,-2.62723556377746,-2.17248386453362,-1.88262463285632,-1.55906094505088,-1.64400208892307,-Inf,-Inf,-Inf,-Inf,-Inf,-Inf,-Inf,-Inf,-Inf,-Inf,-Inf,-Inf,-Inf,-Inf,-Inf,-Inf,-Inf,-Inf,-Inf,-Inf,-Inf,-Inf,-Inf,-Inf,-Inf
-Inf,-Inf,-Inf,-Inf,-Inf,-Inf,-Inf,-Inf,-Inf,-Inf,-Inf,-Inf,-Inf,-Inf,-Inf,-Inf,-Inf,-Inf,-Inf,-Inf,-Inf,-Inf,-Inf,-2.34614837731468,-1.4218750072764,-1.47949540382013,-Inf,-Inf,-Inf,-Inf,-Inf,-Inf,-Inf,-Inf,-Inf,-Inf,-Inf,-Inf,-Inf,-Inf,-Inf,-Inf,-Inf,-Inf,-Inf,-Inf,-Inf,-Inf,-Inf,-Inf
-Inf,-Inf,-Inf,-Inf,-Inf,-Inf,-Inf,-Inf,-Inf,-Inf,-Inf,-Inf,-Inf,-Inf,-Inf,-Inf,-Inf,-Inf,-Inf,-Inf,-Inf,-Inf,-Inf,-Inf,-1.60797208972225,-Inf,-Inf,-Inf,-Inf,-Inf,-Inf,-Inf,-Inf,-Inf,-Inf,-Inf,-Inf,-Inf,-Inf,-Inf,-Inf,-Inf,-Inf,-Inf,-Inf,-Inf,-Inf,-Inf,-Inf,-Inf
-Inf,-Inf,-Inf,-Inf,-Inf,-Inf,-Inf,-Inf,-Inf,-Inf,-Inf,-Inf,-Inf,-Inf,-Inf,-Inf,-Inf,-Inf,-Inf,-Inf,-Inf,-Inf,-Inf,-Inf,-Inf,-Inf,-Inf,-Inf,-Inf,-Inf,-Inf,-Inf,-Inf,-Inf,-Inf,-Inf,-Inf,-Inf,-Inf,-Inf,-Inf,-Inf,-Inf,-Inf,-Inf,-Inf,-Inf,-Inf,-Inf,-Inf
-Inf,-Inf,-Inf,-Inf,-Inf,-Inf,-Inf,-Inf,-Inf,-Inf,-Inf,-Inf,-Inf,-Inf,-Inf,-Inf,-Inf,-Inf,-Inf,-Inf,-Inf,-Inf,-Inf,-Inf,-Inf,-1.9438153108676,-Inf,-Inf,-Inf,-Inf,-Inf,-Inf,-Inf,-Inf,-Inf,-Inf,-Inf,-Inf,-Inf,-Inf,-Inf,-Inf,-Inf,-Inf,-Inf,-Inf,-Inf,-Inf,-Inf,-Inf
-Inf,-Inf,-Inf,-Inf,-Inf,-Inf,-Inf,-Inf,-Inf,-Inf,-Inf,-Inf,-Inf,-Inf,-Inf,-Inf,-Inf,-Inf,-Inf,-Inf,-Inf,-Inf,-Inf,-Inf,-Inf,-1.42159458563489,-Inf,-Inf,-Inf,-Inf,-Inf,-Inf,-Inf,-Inf,-Inf,-Inf,-Inf,-Inf,-Inf,-Inf,-Inf,-Inf,-Inf,-Inf,-Inf,-Inf,-Inf,-Inf,-Inf,-Inf
-Inf,-Inf,-Inf,-Inf,-Inf,-Inf,-Inf,-Inf,-Inf,-Inf,-Inf,-Inf,-Inf,-Inf,-Inf,-Inf,-Inf,-Inf,-Inf,-Inf,-Inf,-Inf,-Inf,-Inf,-Inf,-1.53779575269544,-Inf,-Inf,-Inf,-2.46706993382957,-2.81087971463192,-Inf,-Inf,-Inf,-Inf,-Inf,-Inf,-Inf,-Inf,-Inf,-Inf,-Inf,-Inf,-Inf,-Inf,-Inf,-Inf,-Inf,-Inf,-Inf
-Inf,-Inf,-Inf,-Inf,-Inf,-Inf,-Inf,-Inf,-Inf,-Inf,-Inf,-Inf,-Inf,-Inf,-Inf,-Inf,-Inf,-Inf,-Inf,-Inf,-Inf,-Inf,-Inf,-Inf,-Inf,-2.45413441127762,-1.45399169799484,-Inf,-Inf,-1.85397629731963,-1.68792245812048,-2.17422512281334,-Inf,-Inf,-Inf,-Inf,-Inf,-Inf,-Inf,-Inf,-Inf,-Inf,-Inf,-Inf,-Inf,-Inf,-Inf,-Inf,-Inf,-Inf
-Inf,-Inf,-Inf,-Inf,-Inf,-Inf,-Inf,-Inf,-Inf,-Inf,-Inf,-Inf,-Inf,-Inf,-Inf,-Inf,-Inf,-Inf,-Inf,-Inf,-Inf,-Inf,-Inf,-Inf,-Inf,-Inf,-Inf,-Inf,-Inf,-1.70082220068222,-1.45904040064976,-1.60137992396822,-2.04737960634164,-Inf,-Inf,-Inf,-Inf,-Inf,-Inf,-Inf,-Inf,-Inf,-Inf,-Inf,-Inf,-Inf,-Inf,-Inf,-Inf,-Inf
-Inf,-Inf,-Inf,-Inf,-Inf,-Inf,-Inf,-Inf,-Inf,-Inf,-Inf,-Inf,-Inf,-Inf,-Inf,-Inf,-Inf,-Inf,-Inf,-Inf,-Inf,-Inf,-Inf,-Inf,-Inf,-Inf,-Inf,-Inf,-Inf,-1.66229323874537,-1.34217067349005,-1.40279106786507,-1.58969146329969,-2.00341278897189,-Inf,-Inf,-Inf,-Inf,-Inf,-Inf,-Inf,-Inf,-Inf,-Inf,-Inf,-Inf,-Inf,-Inf,-Inf,-Inf
-Inf,-Inf,-Inf,-Inf,-Inf,-Inf,-Inf,-Inf,-Inf,-Inf,-Inf,-Inf,-Inf,-Inf,-Inf,-Inf,-Inf,-Inf,-Inf,-Inf,-Inf,-Inf,-Inf,-Inf,-Inf,-Inf,-Inf,-Inf,-Inf,-1.70536034398252,-1.27246066941497,-1.29041134771753,-1.40484731524776,-1.60350160452675,-2.01174457137006,-Inf,-Inf,-Inf,-Inf,-Inf,-Inf,-Inf,-Inf,-Inf,-Inf,-Inf,-Inf,-Inf,-Inf,-Inf
-Inf,-Inf,-Inf,-Inf,-Inf,-Inf,-Inf,-Inf,-Inf,-Inf,-Inf,-Inf,-Inf,-Inf,-Inf,-Inf,-Inf,-Inf,-Inf,-Inf,-Inf,-Inf,-Inf,-Inf,-Inf,-Inf,-1.51392794001954,-Inf,-Inf,-1.8676374729887,-1.22973683295151,-1.21691826481216,-1.29527734374969,-1.42733762101681,-1.63724632876459,-2.07827778149224,-Inf,-Inf,-Inf,-Inf,-Inf,-Inf,-Inf,-Inf,-Inf,-Inf,-Inf,-Inf,-Inf,-Inf
-Inf,-Inf,-Inf,-Inf,-Inf,-Inf,-Inf,-Inf,-Inf,-Inf,-Inf,-Inf,-Inf,-Inf,-Inf,-Inf,-Inf,-Inf,-Inf,-Inf,-Inf,-Inf,-Inf,-Inf,-Inf,-Inf,-1.44849833937826,-Inf,-Inf,-2.56794937873045,-1.20558645488033,-1.16566351351084,-1.22110521596877,-1.31981011055253,-1.46457418794499,-1.69552456268761,-2.24142069666549,-Inf,-Inf,-Inf,-Inf,-Inf,-Inf,-Inf,-Inf,-Inf,-Inf,-Inf,-Inf,-Inf
-Inf,-Inf,-Inf,-Inf,-Inf,-Inf,-Inf,-Inf,-Inf,-Inf,-Inf,-Inf,-Inf,-Inf,-Inf,-Inf,-Inf,-Inf,-Inf,-Inf,-Inf,-Inf,-Inf,-Inf,-Inf,-Inf,-1.68112232857967,-Inf,-Inf,-Inf,-1.19624072816199,-1.12897879688021,-1.1674275070759,-1.2456148530941,-1.35731620711565,-1.51894567875338,-1.79026954201929,-2.72540306102088,-Inf,-Inf,-Inf,-Inf,-Inf,-Inf,-Inf,-Inf,-Inf,-Inf,-Inf,-Inf
-Inf,-Inf,-Inf,-Inf,-Inf,-Inf,-Inf,-Inf,-Inf,-Inf,-Inf,-Inf,-Inf,-Inf,-Inf,-Inf,-Inf,-Inf,-Inf,-Inf,-Inf,-Inf,-Inf,-Inf,-Inf,-Inf,-Inf,-1.49306861555222,-Inf,-Inf,-1.20040396447205,-1.10279536456693,-1.12710694666841,-1.19100272957523,-1.28245278058821,-1.40887993370578,-1.59725459809729,-1.95131910991523,-Inf,-Inf,-Inf,-Inf,-Inf,-Inf,-Inf,-Inf,-Inf,-Inf,-Inf,-Inf
-Inf,-Inf,-Inf,-Inf,-Inf,-Inf,-Inf,-Inf,-Inf,-Inf,-Inf,-Inf,-Inf,-Inf,-Inf,-Inf,-Inf,-Inf,-Inf,-Inf,-Inf,-Inf,-Inf,-Inf,-Inf,-Inf,-Inf,-1.59000550600832,-Inf,-Inf,-1.2186428037548,-1.08478242872764,-1.09621030941391,-1.14922202109755,-1.2268185692034,-1.33176189484804,-1.47910138852569,-1.71400024534368,-2.29291587625172,-Inf,-Inf,-Inf,-Inf,-Inf,-Inf,-Inf,-Inf,-Inf,-Inf,-Inf
-Inf,-Inf,-Inf,-Inf,-Inf,-Inf,-Inf,-Inf,-Inf,-Inf,-Inf,-Inf,-Inf,-Inf,-Inf,-Inf,-Inf,-Inf,-Inf,-Inf,-Inf,-Inf,-Inf,-Inf,-Inf,-Inf,-Inf,-Inf,-Inf,-Inf,-1.25364496992978,-1.07357149572241,-1.07236701205331,-1.11647574306501,-1.18385407718122,-1.27421622334991,-1.39689116510661,-1.57737517293901,-1.90675761301557,-Inf,-Inf,-Inf,-Inf,-Inf,-Inf,-Inf,-Inf,-Inf,-Inf,-Inf
-Inf,-Inf,-Inf,-Inf,-Inf,-Inf,-Inf,-Inf,-Inf,-Inf,-Inf,-Inf,-Inf,-Inf,-Inf,-Inf,-Inf,-Inf,-Inf,-Inf,-Inf,-Inf,-Inf,-Inf,-Inf,-Inf,-Inf,-Inf,-Inf,-Inf,-1.31162514566533,-1.06839715659857,-1.05406162240039,-1.09042749236844,-1.14982944351408,-1.22957170742535,-1.33571003973886,-1.48474174144526,-1.72473487951977,-2.34599941380016,-Inf,-Inf,-Inf,-Inf,-Inf,-Inf,-Inf,-Inf,-Inf,-Inf
-Inf,-Inf,-Inf,-Inf,-Inf,-Inf,-Inf,-Inf,-Inf,-Inf,-Inf,-Inf,-Inf,-Inf,-Inf,-Inf,-Inf,-Inf,-Inf,-Inf,-Inf,-Inf,-Inf,-Inf,-Inf,-Inf,-Inf,-Inf,-Inf,-Inf,-1.40675854994222,-1.06892695244497,-1.04028995273249,-1.0695449265907,-1.12242669496013,-1.1940283375961,-1.28826403002791,-1.41672932932814,-1.60968271627161,-1.98539828812706,-Inf,-Inf,-Inf,-Inf,-Inf,-Inf,-Inf,-Inf,-Inf,-Inf
-Inf,-Inf,-Inf,-Inf,-Inf,-Inf,-Inf,-Inf,-Inf,-Inf,-Inf,-Inf,-Inf,-Inf,-Inf,-Inf,-Inf,-Inf,-Inf,-Inf,-Inf,-Inf,-Inf,-Inf,-Inf,-Inf,-Inf,-1.55894901665633,-Inf,-Inf,-1.57839176723686,-1.07519433885861,-1.03037737919438,-1.05277531201746,-1.10010968143036,-1.1652194214337,-1.25044615412235,-1.36438424902746,-1.52815749963569,-1.8086598584866,-3.02246356407879,-Inf,-Inf,-Inf,-Inf,-Inf,-Inf,-Inf,-Inf,-Inf
-Inf,-Inf,-Inf,-Inf,-Inf,-Inf,-Inf,-Inf,-Inf,-Inf,-Inf,-Inf,-Inf,-Inf,-Inf,-Inf,-Inf,-Inf,-Inf,-Inf,-Inf,-Inf,-Inf,-Inf,-Inf,-Inf,-Inf,-1.54276539308327,-Inf,-Inf,-2.02554840944234,-1.08760524369625,-1.02387747921285,-1.03937098362429,-1.08180974896322,-1.14157243974807,-1.21971738949891,-1.32283327602133,-1.46670465268686,-1.69538356574228,-2.24634483413416,-Inf,-Inf,-Inf,-Inf,-Inf,-Inf,-Inf,-Inf,-Inf
-Inf,-Inf,-Inf,-Inf,-Inf,-Inf,-Inf,-Inf,-Inf,-Inf,-Inf,-Inf,-Inf,-Inf,-Inf,-Inf,-Inf,-Inf,-Inf,-Inf,-Inf,-Inf,-Inf,-Inf,-Inf,-Inf,-Inf,-1.83192213700435,-Inf,-Inf,-Inf,-1.10702098793331,-1.02051413637347,-1.02878935093225,-1.06675510915037,-1.12198990396545,-1.19439905894595,-1.28913121471463,-1.41855586799043,-1.61446913346892,-2.004515290951,-Inf,-Inf,-Inf,-Inf,-Inf,-Inf,-Inf,-Inf,-Inf
-Inf,-Inf,-Inf,-Inf,-Inf,-Inf,-Inf,-Inf,-Inf,-Inf,-Inf,-Inf,-Inf,-Inf,-Inf,-Inf,-Inf,-Inf,-Inf,-Inf,-Inf,-Inf,-Inf,-Inf,-Inf,-Inf,-Inf,-Inf,-1.35041543041844,-Inf,-Inf,-1.13495475889785,-1.02014940925084,-1.02063288500585,-1.05437208198888,-1.10567583062571,-1.17332353088453,-1.26136211754799,-1.37982500115469,-1.5531259937916,-1.86388482539198,-Inf,-Inf,-Inf,-Inf,-Inf,-Inf,-Inf,-Inf,-Inf
-Inf,-Inf,-Inf,-Inf,-Inf,-Inf,-Inf,-Inf,-Inf,-Inf,-Inf,-Inf,-Inf,-Inf,-Inf,-Inf,-Inf,-Inf,-Inf,-Inf,-Inf,-Inf,-Inf,-Inf,-Inf,-Inf,-Inf,-Inf,-2.39406759685103,-Inf,-Inf,-1.17398453942737,-1.02276853661659,-1.01461191917914,-1.04422502543597,-1.09203504187532,-1.15564582362825,-1.23820937305493,-1.3480737863487,-1.50483636444221,-1.7677210265907,-2.63782450717009,-Inf,-Inf,-Inf,-Inf,-Inf,-Inf,-Inf,-Inf
-Inf,-Inf,-Inf,-Inf,-Inf,-Inf,-Inf,-Inf,-Inf,-Inf,-Inf,-Inf,-Inf,-Inf,-Inf,-Inf,-Inf,-Inf,-Inf,-Inf,-Inf,-Inf,-Inf,-Inf,-Inf,-Inf,-Inf,-Inf,-Inf,-Inf,-Inf,-1.22865766573313,-1.02847837465946,-1.01052118913325,-1.03597835215122,-1.08061164803673,-1.14073489271086,-1.21872909228985,-1.32167125502847,-1.46582457829611,-1.69655451012601,-2.26587226990226,-Inf,-Inf,-Inf,-Inf,-Inf,-Inf,-Inf,-Inf
-Inf,-Inf,-Inf,-Inf,-Inf,-Inf,-Inf,-Inf,-Inf,-Inf,-Inf,-Inf,-Inf,-Inf,-Inf,-Inf,-Inf,-Inf,-Inf,-Inf,-Inf,-Inf,-Inf,-Inf,-Inf,-Inf,-Inf,-Inf,-Inf,-Inf,-Inf,-1.30772305721684,-1.03751889256653,-1.00822508992089,-1.02937178380289,-1.07104987362114,-1.12810746184116,-1.20222158426194,-1.29947235354466,-1.43370608016147,-1.6413422239743,-2.08468158702118,-Inf,-Inf,-Inf,-Inf,-Inf,-Inf,-Inf,-Inf
-Inf,-Inf,-Inf,-Inf,-Inf,-Inf,-Inf,-Inf,-Inf,-Inf,-Inf,-Inf,-Inf,-Inf,-Inf,-Inf,-Inf,-Inf,-Inf,-Inf,-Inf,-Inf,-Inf,-Inf,-Inf,-Inf,-Inf,-Inf,-Inf,-Inf,-Inf,-1.43089554686679,-1.05029053013067,-1.00764880042965,-1.02420387251276,-1.06306824158506,-1.11738596132449,-1.18815415914822,-1.28064232912096,-1.40687793208592,-1.59713808512362,-1.96834834144954,-Inf,-Inf,-Inf,-Inf,-Inf,-Inf,-Inf,-Inf
-Inf,-Inf,-Inf,-Inf,-Inf,-Inf,-Inf,-Inf,-Inf,-Inf,-Inf,-Inf,-Inf,-Inf,-Inf,-Inf,-Inf,-Inf,-Inf,-Inf,-Inf,-Inf,-Inf,-Inf,-Inf,-Inf,-Inf,-Inf,-1.88262563339857,-Inf,-Inf,-1.65883938348239,-1.06740458219729,-1.00877368275493,-1.02032087678723,-1.05644206302511,-1.10827079867343,-1.17611255621613,-1.26455425379213,-1.38421070019724,-1.56093927563071,-1.88491959215509,-Inf,-Inf,-Inf,-Inf,-Inf,-Inf,-Inf,-Inf
-Inf,-Inf,-Inf,-Inf,-Inf,-Inf,-Inf,-Inf,-Inf,-Inf,-Inf,-Inf,-Inf,-Inf,-Inf,-Inf,-Inf,-Inf,-Inf,-Inf,-Inf,-Inf,-Inf,-Inf,-Inf,-Inf,-Inf,-Inf,-1.66420987667347,-Inf,-Inf,-2.56690237197167,-1.0897714717585,-1.01163616913706,-1.01760922789001,-1.0509912657474,-1.10052149092121,-1.16576917165841,-1.2507260087326,-1.36487904529648,-1.53078514694094,-1.8213261215194,-4.04133170512274,-Inf,-Inf,-Inf,-Inf,-Inf,-Inf,-Inf
-Inf,-Inf,-Inf,-Inf,-Inf,-Inf,-Inf,-Inf,-Inf,-Inf,-Inf,-Inf,-Inf,-Inf,-Inf,-Inf,-Inf,-Inf,-Inf,-Inf,-Inf,-Inf,-Inf,-Inf,-Inf,-Inf,-Inf,-Inf,-1.83868284377162,-1.74888878917785,-Inf,-Inf,-1.11875754965934,-1.01632994998656,-1.01599049485418,-1.04657175829803,-1.09394345779166,-1.1568615650387,-1.2387798212272,-1.34826232281476,-1.50532515229373,-1.77092437820283,-2.69621667455958,-Inf,-Inf,-Inf,-Inf,-Inf,-Inf,-Inf
-Inf,-Inf,-Inf,-Inf,-Inf,-Inf,-Inf,-Inf,-Inf,-Inf,-Inf,-Inf,-Inf,-Inf,-Inf,-Inf,-Inf,-Inf,-Inf,-Inf,-Inf,-Inf,-Inf,-Inf,-Inf,-Inf,-Inf,-Inf,-Inf,-1.41543786372412,-Inf,-Inf,-1.15647720472769,-1.02301183105925,-1.01541816927684,-1.04306920328377,-1.08837853331079,-1.14917747442771,-1.22841530624745,-1.33388313475237,-1.48359038788736,-1.72987200844979,-2.42517037946702,-Inf,-Inf,-Inf,-Inf,-Inf,-Inf,-Inf
-Inf,-Inf,-Inf,-Inf,-Inf,-Inf,-Inf,-Inf,-Inf,-Inf,-Inf,-Inf,-Inf,-Inf,-Inf,-Inf,-Inf,-Inf,-Inf,-Inf,-Inf,-Inf,-Inf,-Inf,-Inf,-Inf,-Inf,-Inf,-Inf,-2.6355262783393,-Inf,-Inf,-1.2063799225064,-1.03191227460847,-1.01587585946098,-1.04039448339738,-1.08369798238094,-1.14254407459176,-1.21939091137495,-1.32136765814428,-1.46486348661361,-1.69574685555283,-2.27223827113355,-Inf,-Inf,-Inf,-Inf,-Inf,-Inf,-Inf
-Inf,-Inf,-Inf,-Inf,-Inf,-Inf,-Inf,-Inf,-Inf,-Inf,-Inf,-Inf,-Inf,-Inf,-Inf,-Inf,-Inf,-Inf,-Inf,-Inf,-Inf,-Inf,-Inf,-Inf,-Inf,-Inf,-Inf,-Inf,-Inf,-Inf,-Inf,-Inf,-1.27456694686845,-1.04335255588972,-1.01737667176818,-1.03848039950203,-1.07979724746611,-1.13682007290293,-1.21151076282529,-1.31041906038808,-1.44860003677837,-1.66692526992733,-2.16829685036803,-Inf,-Inf,-Inf,-Inf,-Inf,-Inf,-Inf
-Inf,-Inf,-Inf,-Inf,-Inf,-Inf,-Inf,-Inf,-Inf,-Inf,-Inf,-Inf,-Inf,-Inf,-Inf,-Inf,-Inf,-Inf,-Inf,-Inf,-Inf,-Inf,-Inf,-Inf,-Inf,-Inf,-Inf,-Inf,-Inf,-Inf,-Inf,-Inf,-1.37326455335296,-1.05777195138398,-1.01996370452904,-1.03727930449861,-1.07659192322988,-1.13188974907525,-1.20461508223186,-1.30079908847054,-1.43437877427671,-1.64226799431602,-2.09117598788016,-Inf,-Inf,-Inf,-Inf,-Inf,-Inf,-Inf
-Inf,-Inf,-Inf,-Inf,-Inf,-Inf,-Inf,-Inf,-Inf,-Inf,-Inf,-Inf,-Inf,-Inf,-Inf,-Inf,-Inf,-Inf,-Inf,-Inf,-Inf,-Inf,-Inf,-Inf,-Inf,-Inf,-Inf,-Inf,-Inf,-Inf,-Inf,-Inf,-1.53275231562569,-1.07577101016877,-1.02371171405188,-1.03676148475773,-1.07401463108571,-1.12765835901111,-1.19857302577085,-1.29231493524474,-1.42186869641988,-1.62094727195972,-2.03090370127538,-Inf,-Inf,-Inf,-Inf,-Inf,-Inf,-Inf
-Inf,-Inf,-Inf,-Inf,-Inf,-Inf,-Inf,-Inf,-Inf,-Inf,-Inf,-Inf,-Inf,-Inf,-Inf,-Inf,-Inf,-Inf,-Inf,-Inf,-Inf,-Inf,-Inf,-Inf,-Inf,-Inf,-Inf,-Inf,-Inf,-Inf,-Inf,-Inf,-1.87204734246662,-1.0981819838896,-1.0287301570457,-1.03691417369684,-1.07201257905186,-1.12404852128058,-1.19327720809838,-1.28480961449068,-1.41080656579382,-1.60234513006626,-1.98213654353184,-Inf,-Inf,-Inf,-Inf,-Inf,-Inf,-Inf
-Inf,-Inf,-Inf,-Inf,-Inf,-Inf,-Inf,-Inf,-Inf,-Inf,-Inf,-Inf,-Inf,-Inf,-Inf,-Inf,-Inf,-Inf,-Inf,-Inf,-Inf,-Inf,-Inf,-Inf,-Inf,-Inf,-Inf,-Inf,-Inf,-2.00402974944904,-Inf,-Inf,-Inf,-1.12618775538919,-1.03516799590358,-1.03774113305918,-1.07054566717758,-1.12099733243003,-1.1886394283244,-1.27815473397784,-1.40098103430215,-1.58599023028722,-1.94168140660857,-Inf,-Inf,-Inf,-Inf,-Inf,-Inf,-Inf
-Inf,-Inf,-Inf,-Inf,-Inf,-Inf,-Inf,-Inf,-Inf,-Inf,-Inf,-Inf,-Inf,-Inf,-Inf,-Inf,-Inf,-Inf,-Inf,-Inf,-Inf,-Inf,-Inf,-Inf,-Inf,-Inf,-Inf,-Inf,-Inf,-1.94654626482808,-1.68970385611131,-Inf,-Inf,-1.16153325586492,-1.04322091025559,-1.03926277598281,-1.06958504855996,-1.11845404072869,-1.18458727675179,-1.27224495169557,-1.39222112641639,-1.57151687259726,-1.90748240216778,-Inf,-Inf,-Inf,-Inf,-Inf,-Inf,-Inf
-Inf,-Inf,-Inf,-Inf,-Inf,-Inf,-Inf,-Inf,-Inf,-Inf,-Inf,-Inf,-Inf,-Inf,-Inf,-Inf,-Inf,-Inf,-Inf,-Inf,-Inf,-Inf,-Inf,-Inf,-Inf,-Inf,-Inf,-Inf,-Inf,-2.78716355346219,-1.51746396513916,-Inf,-Inf,-1.20692822538575,-1.05314195066803,-1.04151683938351,-1.0691120891102,-1.11637816295552,-1.18106140515647,-1.26699364534462,-1.38438768091269,-1.55863735646964,-1.8781422920003,-Inf,-Inf,-Inf,-Inf,-Inf,-Inf,-Inf
-Inf,-Inf,-Inf,-Inf,-Inf,-Inf,-Inf,-Inf,-Inf,-Inf,-Inf,-Inf,-Inf,-Inf,-Inf,-Inf,-Inf,-Inf,-Inf,-Inf,-Inf,-Inf,-Inf,-Inf,-Inf,-Inf,-Inf,-Inf,-Inf,-Inf,-2.51764793846029,-Inf,-Inf,-1.26688994851987,-1.06525730563545,-1.04455964809812,-1.0691176913803,-1.11473796530578,-1.17801331113564,-1.26232947990074,-1.37736685851763,-1.54712273682122,-1.8526719007831,-Inf,-Inf,-Inf,-Inf,-Inf,-Inf,-Inf
